{
  "ObtenerListaGenerosUObjeto" : {
    "transaction" : "ObtenerListaGenerosUObjeto",
    "sampleCount" : 30,
    "errorCount" : 0,
    "errorPct" : 0.0,
    "meanResTime" : 13.999999999999998,
    "medianResTime" : 13.0,
    "minResTime" : 10.0,
    "maxResTime" : 22.0,
    "pct1ResTime" : 18.0,
    "pct2ResTime" : 20.9,
    "pct3ResTime" : 22.0,
    "throughput" : 1.8248175182481752,
    "receivedKBytesPerSec" : 0.8887075159671532,
    "sentKBytesPerSec" : 0.5595631843065693
  },
  "BorrarAdmin" : {
    "transaction" : "BorrarAdmin",
    "sampleCount" : 30,
    "errorCount" : 0,
    "errorPct" : 0.0,
    "meanResTime" : 17.03333333333333,
    "medianResTime" : 16.0,
    "minResTime" : 12.0,
    "maxResTime" : 29.0,
    "pct1ResTime" : 22.0,
    "pct2ResTime" : 27.9,
    "pct3ResTime" : 29.0,
    "throughput" : 1.839587932303164,
    "receivedKBytesPerSec" : 0.6826595842531273,
    "sentKBytesPerSec" : 0.5978061955788571
  },
  "BorrarCancion" : {
    "transaction" : "BorrarCancion",
    "sampleCount" : 30,
    "errorCount" : 0,
    "errorPct" : 0.0,
    "meanResTime" : 18.96666666666666,
    "medianResTime" : 17.5,
    "minResTime" : 13.0,
    "maxResTime" : 42.0,
    "pct1ResTime" : 23.0,
    "pct2ResTime" : 32.09999999999999,
    "pct3ResTime" : 42.0,
    "throughput" : 1.8347501681854321,
    "receivedKBytesPerSec" : 0.6808643202250627,
    "sentKBytesPerSec" : 0.5996981262613907
  },
  "BorrarPersona2" : {
    "transaction" : "BorrarPersona2",
    "sampleCount" : 30,
    "errorCount" : 0,
    "errorPct" : 0.0,
    "meanResTime" : 15.233333333333333,
    "medianResTime" : 15.0,
    "minResTime" : 11.0,
    "maxResTime" : 26.0,
    "pct1ResTime" : 19.900000000000002,
    "pct2ResTime" : 23.249999999999996,
    "pct3ResTime" : 26.0,
    "throughput" : 1.8422991893883567,
    "receivedKBytesPerSec" : 0.6836657148120855,
    "sentKBytesPerSec" : 0.6023454771554901
  },
  "AgregarNuevoAdmin" : {
    "transaction" : "AgregarNuevoAdmin",
    "sampleCount" : 30,
    "errorCount" : 0,
    "errorPct" : 0.0,
    "meanResTime" : 16.366666666666664,
    "medianResTime" : 15.0,
    "minResTime" : 13.0,
    "maxResTime" : 30.0,
    "pct1ResTime" : 20.0,
    "pct2ResTime" : 25.049999999999994,
    "pct3ResTime" : 30.0,
    "throughput" : 1.813894431344096,
    "receivedKBytesPerSec" : 1.3706357888929197,
    "sentKBytesPerSec" : 0.6943814619989116
  },
  "ObtenerListaUObjetoCanciones" : {
    "transaction" : "ObtenerListaUObjetoCanciones",
    "sampleCount" : 30,
    "errorCount" : 0,
    "errorPct" : 0.0,
    "meanResTime" : 14.2,
    "medianResTime" : 13.0,
    "minResTime" : 10.0,
    "maxResTime" : 24.0,
    "pct1ResTime" : 19.0,
    "pct2ResTime" : 21.249999999999996,
    "pct3ResTime" : 24.0,
    "throughput" : 1.8195050946142648,
    "receivedKBytesPerSec" : 0.9483104189410481,
    "sentKBytesPerSec" : 0.5597110398471616
  },
  "ActualizarPersona" : {
    "transaction" : "ActualizarPersona",
    "sampleCount" : 30,
    "errorCount" : 0,
    "errorPct" : 0.0,
    "meanResTime" : 32.63333333333334,
    "medianResTime" : 27.0,
    "minResTime" : 21.0,
    "maxResTime" : 176.0,
    "pct1ResTime" : 35.7,
    "pct2ResTime" : 106.1499999999999,
    "pct3ResTime" : 176.0,
    "throughput" : 1.7944730230888863,
    "receivedKBytesPerSec" : 1.448955186774734,
    "sentKBytesPerSec" : 0.7900471236092834
  },
  "ActualizarAdmin" : {
    "transaction" : "ActualizarAdmin",
    "sampleCount" : 30,
    "errorCount" : 0,
    "errorPct" : 0.0,
    "meanResTime" : 26.36666666666667,
    "medianResTime" : 26.0,
    "minResTime" : 21.0,
    "maxResTime" : 41.0,
    "pct1ResTime" : 30.0,
    "pct2ResTime" : 38.25,
    "pct3ResTime" : 41.0,
    "throughput" : 1.814113805406059,
    "receivedKBytesPerSec" : 1.3743447458728912,
    "sentKBytesPerSec" : 0.6869656867932515
  },
  "CrearCancion" : {
    "transaction" : "CrearCancion",
    "sampleCount" : 30,
    "errorCount" : 0,
    "errorPct" : 0.0,
    "meanResTime" : 15.466666666666667,
    "medianResTime" : 15.0,
    "minResTime" : 12.0,
    "maxResTime" : 24.0,
    "pct1ResTime" : 19.800000000000004,
    "pct2ResTime" : 22.349999999999998,
    "pct3ResTime" : 24.0,
    "throughput" : 1.8174107954201246,
    "receivedKBytesPerSec" : 0.9418944425092384,
    "sentKBytesPerSec" : 0.7791438859271823
  },
  "RelacionarPersonasYCanciones" : {
    "transaction" : "RelacionarPersonasYCanciones",
    "sampleCount" : 30,
    "errorCount" : 0,
    "errorPct" : 0.0,
    "meanResTime" : 27.5,
    "medianResTime" : 26.0,
    "minResTime" : 21.0,
    "maxResTime" : 49.0,
    "pct1ResTime" : 33.0,
    "pct2ResTime" : 41.29999999999999,
    "pct3ResTime" : 49.0,
    "throughput" : 1.8248175182481752,
    "receivedKBytesPerSec" : 1.2032984527068125,
    "sentKBytesPerSec" : 0.6300134960462287
  },
  "login" : {
    "transaction" : "login",
    "sampleCount" : 30,
    "errorCount" : 0,
    "errorPct" : 0.0,
    "meanResTime" : 83.8,
    "medianResTime" : 78.5,
    "minResTime" : 74.0,
    "maxResTime" : 233.0,
    "pct1ResTime" : 83.9,
    "pct2ResTime" : 153.2499999999999,
    "pct3ResTime" : 233.0,
    "throughput" : 1.765432825280998,
    "receivedKBytesPerSec" : 0.9913319087271231,
    "sentKBytesPerSec" : 0.4706671497087036
  },
  "CrearUnNuevoGenero" : {
    "transaction" : "CrearUnNuevoGenero",
    "sampleCount" : 30,
    "errorCount" : 0,
    "errorPct" : 0.0,
    "meanResTime" : 16.366666666666667,
    "medianResTime" : 15.5,
    "minResTime" : 12.0,
    "maxResTime" : 28.0,
    "pct1ResTime" : 21.900000000000002,
    "pct2ResTime" : 27.45,
    "pct3ResTime" : 28.0,
    "throughput" : 1.8207197912241306,
    "receivedKBytesPerSec" : 0.8813777348728531,
    "sentKBytesPerSec" : 0.6472089882867027
  },
  "ObtenerListaUObjetoPersona" : {
    "transaction" : "ObtenerListaUObjetoPersona",
    "sampleCount" : 30,
    "errorCount" : 0,
    "errorPct" : 0.0,
    "meanResTime" : 13.4,
    "medianResTime" : 12.5,
    "minResTime" : 10.0,
    "maxResTime" : 29.0,
    "pct1ResTime" : 16.0,
    "pct2ResTime" : 21.84999999999999,
    "pct3ResTime" : 29.0,
    "throughput" : 1.8123602972270887,
    "receivedKBytesPerSec" : 1.0231694217060352,
    "sentKBytesPerSec" : 0.5575131773696611
  },
  "RelacionarPersonasyGeneros" : {
    "transaction" : "RelacionarPersonasyGeneros",
    "sampleCount" : 30,
    "errorCount" : 0,
    "errorPct" : 0.0,
    "meanResTime" : 27.7,
    "medianResTime" : 26.5,
    "minResTime" : 22.0,
    "maxResTime" : 53.0,
    "pct1ResTime" : 32.900000000000006,
    "pct2ResTime" : 44.19999999999999,
    "pct3ResTime" : 53.0,
    "throughput" : 1.8275967103259214,
    "receivedKBytesPerSec" : 1.1016148530307646,
    "sentKBytesPerSec" : 0.6291882424611636
  },
  "ModificarGenero" : {
    "transaction" : "ModificarGenero",
    "sampleCount" : 30,
    "errorCount" : 0,
    "errorPct" : 0.0,
    "meanResTime" : 28.500000000000007,
    "medianResTime" : 25.5,
    "minResTime" : 21.0,
    "maxResTime" : 45.0,
    "pct1ResTime" : 38.900000000000006,
    "pct2ResTime" : 43.9,
    "pct3ResTime" : 45.0,
    "throughput" : 1.8210513536481727,
    "receivedKBytesPerSec" : 0.8833166087471167,
    "sentKBytesPerSec" : 0.6396798553781716
  },
  "Debug Sampler" : {
    "transaction" : "Debug Sampler",
    "sampleCount" : 30,
    "errorCount" : 0,
    "errorPct" : 0.0,
    "meanResTime" : 0.10000000000000005,
    "medianResTime" : 0.0,
    "minResTime" : 0.0,
    "maxResTime" : 1.0,
    "pct1ResTime" : 0.9000000000000021,
    "pct2ResTime" : 1.0,
    "pct3ResTime" : 1.0,
    "throughput" : 1.8446781036709095,
    "receivedKBytesPerSec" : 1.5069074548053862,
    "sentKBytesPerSec" : 0.0
  },
  "Total" : {
    "transaction" : "Total",
    "sampleCount" : 690,
    "errorCount" : 0,
    "errorPct" : 0.0,
    "meanResTime" : 25.19710144927535,
    "medianResTime" : 18.0,
    "minResTime" : 0.0,
    "maxResTime" : 271.0,
    "pct1ResTime" : 44.799999999999955,
    "pct2ResTime" : 79.0,
    "pct3ResTime" : 84.09000000000003,